activity,country,data_size,description,discovered,group_name,infostealer,post_title,post_url,published,ransom,screenshot,website
Not Found,,,"This is not a leak just an announcement that will stay up for however long they want to extend the promotion. Some may have been wondering why there is a logo of BreachForums. There is a logo because we have made an agreement with the BreachForums link. It seems legit and DragonForce has also done a promotion for them. Since DragonForce promoted them we decided to promote them. There have been many clones but if other groups are on there then it should be legit. We have loved BreachForums since when it first started and we would do anything to bring it back. We will promote them for one month starting today unless if they agree to extend the promotion. Check them out, register, and if were on there you should be on there. We will take a risk together but looking so far it's legit and the BreachForums clones is a long long story that It would take forever for us to explain.",2026-06-01T01:20:22.128849+00:00,shadowbyt3$,"{'employees': 0, 'employees_url': 0, 'infostealer_stats': {}, 'last_employee_compromised': None, 'last_user_compromised': None, 'thirdparties': 0, 'update': '2026-06-01T01:20:11', 'users': 0, 'users_url': 0}",BreachForums is Back (breachforu.ms),,2026-06-01T01:20:11.468098+00:00,,,breachforu.ms
Manufacturing,BR,,"Operates in the construction, real estate, energy, and infrastructure sectors.",2026-05-31T22:20:55.989247+00:00,bravox,,Grupo Mauá,http://bravoxxwcfz5qk43ychgveprpd5mw5hvxfs4a2uz2okx7mumiht4fzyd.onion/blog/2979a59a-c02f-4a3b-804f-2b1d8cabefd8,2026-05-31T22:20:42.870095+00:00,,https://images.ransomware.live/victims/f0f951bb1e69d286d1f7ce05b1cfeaf7.png,www.grupomaua.com.br
Education,US,,"Founded in 1914, Lake Washington School District is the administrative body responsible for planning and managing public education for 33 elementary, 14 middle, and 9 high schools. It serves communities of Kirkland, Redmond and about half of Sammamish. The company is headquartered in Redmond, Washington.",2026-05-31T10:50:12.167640+00:00,cmdorganization,"{'employees': 0, 'employees_url': 0, 'infostealer_stats': {}, 'last_employee_compromised': None, 'last_user_compromised': None, 'thirdparties': 29, 'update': '2026-05-31T10:50:10', 'users': 0, 'users_url': 0}",Lake Washington School District,,2026-05-31T10:50:10.639173+00:00,,,lwsd.wednet.edu
Healthcare,IN,,"A complete data breach has occurred at Tulip Mediworld Hospital, a multi-specialty hospital located on GS Road, Rukmini ...",2026-05-30T21:54:27.798559+00:00,krybit,"{'employees': 0, 'employees_url': 0, 'infostealer_stats': {}, 'last_employee_compromised': None, 'last_user_compromised': None, 'thirdparties': 0, 'update': '2026-05-30T21:54:12', 'users': 0, 'users_url': 0}",tulipmediworld.com,http://krybitqsdzwmhnitvwuhvsntfgf2wrhxveyxroxpc44c6gkft2cqldyd.onion/blog/c0b63c60d94025eff1accba59f0f42fd8a932576faf925c2cd5044201bd98676/,2026-05-30T21:54:12.041860+00:00,,https://images.ransomware.live/victims/a187f9b37bf9467cf234d3c70a1e1866.png,tulipmediworld.com
Technology,GB,,"[AI generated] Openmind Networks is an Irish telecommunications software company specializing in signaling and messaging solutions for mobile network operators. Founded in Dublin, Ireland, the company develops products for SS7, Diameter, and SMS firewall technologies, helping carriers manage and secure signaling traffic. Their solutions address roaming, fraud prevention, and network interoperability, serving telecom operators globally while maintaining headquarters in Ireland.",2026-05-30T14:24:47.033823+00:00,coinbasecartel,"{'employees': 0, 'employees_url': 0, 'infostealer_stats': {}, 'last_employee_compromised': None, 'last_user_compromised': None, 'thirdparties': 0, 'update': '2026-05-30T14:26:29.682295', 'users': 1, 'users_url': 2}",Openmind networks,http://fjg4zi4opkxkvdz7mvwp7h6goe4tcby3hhkrz43pht4j3vakhy75znyd.onion/companies/openmind,2026-05-30T14:24:26.541342+00:00,,https://images.ransomware.live/victims/0c1e0abf0c51c33a0dcfa1f3dd29b01c.png,openmindnetworks.com
Business Services,,,[AI generated] N/A,2026-05-30T14:24:15.525949+00:00,coinbasecartel,"{'employees': 0, 'employees_url': 0, 'infostealer_stats': {}, 'last_employee_compromised': None, 'last_user_compromised': None, 'thirdparties': 0, 'update': '2026-05-30T14:26:45.693321', 'users': 0, 'users_url': 0}",Pragmatic Solutions,http://fjg4zi4opkxkvdz7mvwp7h6goe4tcby3hhkrz43pht4j3vakhy75znyd.onion/companies/pragmatic,2026-05-30T14:23:54.597155+00:00,,https://images.ransomware.live/victims/78839ff8d10d8ccddae2471ef8d41666.png,pragmatic.solutions
Not Found,VN,,[AI generated] N/A,2026-05-30T13:52:55.766313+00:00,gunra,"{'employees': 0, 'employees_url': 0, 'infostealer_stats': {}, 'last_employee_compromised': None, 'last_user_compromised': None, 'thirdparties': 0, 'update': '2026-05-30T13:52:46', 'users': 0, 'users_url': 0}",STAREMPIRE,,2026-05-30T13:52:46.694392+00:00,,,starempire.com
Business Services,US,,"Lee Law Offices is a well-established law firm serving clients in North and South Carolina for over 30 years, specializing in personal injury, workers compensation, and social security disability cases. The firm is dedicated to advocating for individuals affected by auto accidents, workplace injuries, and other forms of negligence, ensuring that clients receive the compensation they deserve. With a no-fee guarantee, they focus on representing the best interests of their clients rather than insurance companies or corporations.",2026-05-30T12:50:10.668849+00:00,cmdorganization,,Lee Law Offices,,2026-05-30T12:50:09.373519+00:00,,,www.leelawoffices.org
Healthcare,US,,"The company failed to reach an agreement with us despite our incredible patience, all the chances and offers we made. They don't care. | Size: 234GB+ (compressed) | Updated: 30 May 2026 | SHA256: db3088225c36be26ce2b458fa7a190176d071441e2e0830c0d82143e6323a3e1",2026-05-30T02:05:45.304277+00:00,shinyhunters,"{'employees': 0, 'employees_url': 1, 'infostealer_stats': {}, 'last_employee_compromised': None, 'last_user_compromised': None, 'thirdparties': 1, 'update': '2026-05-30T11:41:34.093050', 'users': 749, 'users_url': 56}","DentaQuest, LLC.",,2026-05-30T02:05:43.541751+00:00,,,dentaquest.com
Business Services,IT,,"Empresa dedicada al rubro de construcción de proyectos inmobiliarios, particularmente la Ciudad Nueva Santa Cruz. El á...",2026-05-30T01:22:49.075564+00:00,krybit,"{'employees': 0, 'employees_url': 0, 'infostealer_stats': {}, 'last_employee_compromised': None, 'last_user_compromised': None, 'thirdparties': 5, 'update': '2026-05-30T01:22:30', 'users': 0, 'users_url': 0}",ecci-srl.com,http://krybitqsdzwmhnitvwuhvsntfgf2wrhxveyxroxpc44c6gkft2cqldyd.onion/blog/75281516cd4c46e365bbfe44fc8f307d545b8f6b5afd2f6512b7c45a5c1cab7f/,2026-05-30T01:22:30.047315+00:00,,https://images.ransomware.live/victims/b3a9a83c36c819890c2d471d2c700fd1.png,ecci-srl.com
Manufacturing,US,,A flooring and tile contractor,2026-05-30T18:54:11.750793+00:00,genesis,"{'employees': 0, 'employees_url': 0, 'infostealer_stats': {}, 'last_employee_compromised': None, 'last_user_compromised': None, 'thirdparties': 0, 'update': '2026-05-30T18:53:56', 'users': 0, 'users_url': 0}",Cavalier Flooring Systems Inc.,http://genesis6ixpb5mcy4kudybtw5op2wqlrkocfogbnenz3c647ibqixiad.onion/f10ce733580c413f2c3a/,2026-05-30T00:00:00+00:00,,https://images.ransomware.live/victims/51b22e786763af132f07a337b31db829.png,cavalierflooring.com
Not Found,US,,the DC Metro area's premier design-build firm,2026-05-30T18:53:43.320307+00:00,genesis,"{'employees': 0, 'employees_url': 0, 'infostealer_stats': {}, 'last_employee_compromised': None, 'last_user_compromised': None, 'thirdparties': 0, 'update': '2026-05-30T18:53:27', 'users': 0, 'users_url': 0}",Wentworth,http://genesis6ixpb5mcy4kudybtw5op2wqlrkocfogbnenz3c647ibqixiad.onion/e21f3327f23dba31d2a6/,2026-05-30T00:00:00+00:00,,https://images.ransomware.live/victims/13cd79efe194750264b036c6dde873db.png,wentworthstudio.com
Energy,US,,"A leading distributor of professional fertilizers, chemicals, and seeds for local and lawn grasses",2026-05-30T18:53:14.625484+00:00,genesis,"{'employees': 0, 'employees_url': 0, 'infostealer_stats': {}, 'last_employee_compromised': None, 'last_user_compromised': None, 'thirdparties': 0, 'update': '2026-05-30T18:52:59', 'users': 0, 'users_url': 0}",Green Resource,http://genesis6ixpb5mcy4kudybtw5op2wqlrkocfogbnenz3c647ibqixiad.onion/dbc7eb0c136da6d5eff7/,2026-05-30T00:00:00+00:00,,https://images.ransomware.live/victims/e1a3b98391ba6b64165d0b8d37368164.png,green-resource.com
Financial Services,US,,A private investment entity associated with Cynthia Stiehl,2026-05-30T18:52:46.610072+00:00,genesis,"{'employees': 0, 'employees_url': 0, 'infostealer_stats': {}, 'last_employee_compromised': None, 'last_user_compromised': None, 'thirdparties': 0, 'update': '2026-05-30T18:52:30', 'users': 0, 'users_url': 0}",Cedar Street Capital (A part of a Cynvestors Limited Partnership),http://genesis6ixpb5mcy4kudybtw5op2wqlrkocfogbnenz3c647ibqixiad.onion/bfa3535e1d92ebc2c573/,2026-05-30T00:00:00+00:00,,https://images.ransomware.live/victims/6f43d1a850bf4327a453222b599571bc.png,cedarstreetcapital.com
Business Services,US,,Fuel distributor and gas station operator,2026-05-30T18:52:17.760220+00:00,genesis,"{'employees': 0, 'employees_url': 0, 'infostealer_stats': {}, 'last_employee_compromised': None, 'last_user_compromised': None, 'thirdparties': 0, 'update': '2026-05-30T18:52:03', 'users': 0, 'users_url': 0}",A Roettgers,http://genesis6ixpb5mcy4kudybtw5op2wqlrkocfogbnenz3c647ibqixiad.onion/992090c36f83be4fcd52/,2026-05-30T00:00:00+00:00,,https://images.ransomware.live/victims/0ed9b84fe493babfbf19467ca952942b.png,arc-rci.com
Technology,FR,,"[AI generated] Siveco is a French software company specializing in computerized maintenance management systems (CMMS) and enterprise asset management (EAM) solutions. Founded in France, the company operates internationally, offering software and services to help organizations manage industrial maintenance, infrastructure, and assets. Its clients span sectors such as energy, transportation, manufacturing, and public utilities across Europe, Africa, and Asia.",2026-05-30T14:31:30.065249+00:00,coinbasecartel,"{'employees': 0, 'employees_url': 0, 'infostealer_stats': {'Generic Stealer': 1, 'Lumma': 1, 'Raccoon': 2, 'RedLine': 1}, 'last_employee_compromised': '1970-01-01T00:00:00+00:00', 'last_user_compromised': '2025-03-02T18:02:45.566000+00:00', 'thirdparties': 7, 'update': '2026-05-30T14:29:54.629785', 'users': 5, 'users_url': 5}",Siveco -,http://fjg4zi4opkxkvdz7mvwp7h6goe4tcby3hhkrz43pht4j3vakhy75znyd.onion/companies/siveco-com,2026-05-30T00:00:00+00:00,,https://images.ransomware.live/victims/684d01ed46e6b7022324aeca77aebfd4.png,siveco.com
Transportation/Logistics,US,,"ltiservices.com - laricktowing.com - LTI Services is a leading customization and accessory shop specializing in customizations, repairs, and aftermarket parts for the heavy-duty trucking industry. They work with major truck brands such as Peterbilt, Kenworth, Volvo, International, Freightliner, and Western Star, offering a wide range of services including collision repair, custom fabrication, and electrical repairs. The company prides itself on providing quality parts and accessories while collaborating closely with customers to bring their design visions to life. With a focus on transparency and comprehensive service, LTI Services ensures that clients are informed and confident throughout the project process - 
Larick Towing Inc. is a family-owned and operated business that has been providing vehicle transportation services since 1978. They offer nationwide vehicle transportation, including pick-up and delivery services for transporters, as well as transport to all ship ports and terminals. Their services cater to both individual clients and auto dealers, facilitating vehicle transport to and from auctions and dealer swaps. The company is known for its customer-focused approach and commitment to quality service - Nova provide free decrypt 2 files as proof, we will leak only DBs, not source code because company may recover from leak) 11 days available to reach us or no recover possible, both sites seized.",2026-05-30T12:53:13.518588+00:00,nova,"{'employees': 0, 'employees_url': 0, 'infostealer_stats': {}, 'last_employee_compromised': None, 'last_user_compromised': None, 'thirdparties': 0, 'update': '2026-05-30T13:15:53.010626', 'users': 0, 'users_url': 0}",LTI Services and Larick Towing,http://novadmrkp4vbk2padk5t6pbxolndceuc7hrcq4mjaoyed6nxsqiuzyyd.onion/lti-services-and-larick-towing,2026-05-30T00:00:00+00:00,,https://images.ransomware.live/victims/c5674d524773041b1e502156a0cdd5dd.png,ltiservices.com
Technology,BR,,"BC3.com.br is the website for BC3 Tecnologia, a Brazilian company that develops and sells ERP (Enterprise Resource Planning) software specifically for the corrugated packaging and cartonage industry. Their flagship product is the ERP KRP- Nova Provide tree and samples from stolen data, free 2 files decrypt to the company when its get in touch with support department.",2026-05-30T12:22:31.323054+00:00,nova,"{'employees': 0, 'employees_url': 0, 'infostealer_stats': {}, 'last_employee_compromised': None, 'last_user_compromised': None, 'thirdparties': 0, 'update': '2026-05-31T08:35:04.375692', 'users': 0, 'users_url': 0}",BC3 Tecnologia,http://novadmrkp4vbk2padk5t6pbxolndceuc7hrcq4mjaoyed6nxsqiuzyyd.onion/bc3-tecnologia,2026-05-30T00:00:00+00:00,,https://images.ransomware.live/victims/51f9d9ba6465ba0fee1d5dcc9f5fee0b.png,bc3tech.com
Business Services,US,,"LABEXPRESS & GARONIT PHARMA: 200 GB OF SHARED INFRASTRUCTURE  We have obtained 200 GB of internal data from a US-based group operating under two legal entities: Labexpress and Garonit Pharma. The materials show a single Active Directory domain (LABEXPRESS1.local), a shared file server, and extensive cross‑company records. This data will be made publicly available in the near future.  Active Directory Overview  - 65 computers, 142 user accounts, 98 groups, 11 organizational units (OUs). - Domain controllers: DC01 (Server 2019), LABXDC01 (Server 2012 R2). - A single AD domain serves both Labexpress and Garonit Pharma.  Notable account:   cn: Troy Austin   sAMAccountName: Taustin   memberOf: QuickBooks, LABEXPRESS, LABEXPRESSUSERS   The same person appears in Exchange mailboxes as taustin@garonitpharma.com.  Weak Passwords and Brute‑Force Indicators  - Administrator account: 3,193 failed logon attempts, last successful logon 2026-04-30. - Computer accounts FRONTDESK$, DEV$, LABEL$ – more than 3,000 failures each. - Cleartext password found on FILE01\passwords.txt:     Admin: LabExpress2024! - The Domain Admins group includes: Administrator, labadmin, adminiss, Protect, xtratech, LAE009-CT. - Password for user Protect: Password123! - Outdated password templates in the “SBSUsers” OU are still in use.  Mail Servers and Exchange  - LABSERVER2 runs Windows Server 2003 SP2 with Exchange 2007. - Full mailbox export performed using the built‑in Export-Mailbox cmdlet – no special exploit required.  Contents of the Obtained Data (200 GB)  We have data from drive E:\, including:  1. Financial & Accounting    - QuickBooks Enterprise 2021 installer and data files (QB2021.DSN, QB2021.ND).    - Folder: E:\Garonit Documents\Clients 2022\ – hundreds of invoices, COAs, and COCs (e.g., Amtrade International INV# 50268.pdf for ~21M USD, Estee Lauder Inv# 24.pdf).    - Folder: E:\Garonit Documents\ACCOUNTS PAYABLES 2022 09 22\ – detailed accounts payable records for 50+ vendors.  2. Quality & Production    - Thousands of COA/COC files (e.g., CHG 20% Lot 429012 CoA.pdf, COC CHG 20%, Lot# 705103.docx).    - Complete batch records for 2023–2026 (folders Batch Records\2023, 2024, 2025, 2026).    - Stability study protocols and raw HPLC data for CHG 0.12% Oral Rinse.  3. ANDA & Regulatory Documentation    - Folder “00 Oral Rinse ANDA-Old One” – complete ANDA dossier, including DMF, method validation, stability, and correspondence with the FDA.    - Files: ANDA Checklist-Oral Rinse.docx, DMF Assessment in advance.pdf.  4. Vendor & Customer Records    - Folder: E:\Garonit Documents\Vendor from 2022 07 19 TO 2022 09 21\Vendor\ – dossiers on each supplier (contracts, invoices, assessments).    - Folder: E:\LABEXPRESSDATA\ALL LEI ORDERS\ – customer purchase orders and sales quotations.  5. Human Resources (HR)    - Folder: E:\LABEXPRESSDATA\HUMAN RESOURCES\ – employment contracts, W‑9 forms, tax deductions, resignation letters.    - Passport scans, Green Card copies, health insurance records for many employees.    - Files: Employee Handbook.pdf, PTO Request Form.docx, Time off request form.pdf.  6. Internal Communications & Scans    - Directory “C224E BIZHUB SCANNER DUMPS” containing subfolders named after employees (Burcu, Frank, Iliany, Kelvin, Dave, Randy, Sudhir, etc.).    - Scans include: Green Cards, IDs, credit card authorization forms, bank letters, and correspondence with the IRS.    - Examples: Burcu Green Card.pdf, Rohit Garg X-Ray.pdf, SKM_C250i... (thousands of scanned documents).  7. Tax & Banking Documentation    - Correspondence with the IRS, State of New Jersey, Valley National Bank, Citibank.    - Files: IRS Notice Lab Express.pdf, Valley Bank Garonit Deceember 2020.pdf, Credit Application, Bank instructions.pdf.  Shared Infrastructure – Observed Facts  - The same Active Directory domain and file server (drive E:\) store data for both Labexpress and Garonit Pharma. - Cross‑company records reside in the same folders (e.g., “Garonit Documents” and “LABEXPRESSDATA” coexist on the same drive). - User Troy Austin has an AD account (Taustin) and also uses the email address taustin@garonitpharma.com. - Purchase orders, invoices, COA/COC files refer to both companies interchangeably. - At the IT level, there is no separation between the two legal entities.  The obtained data demonstrates that Labexpress and Garonit Pharma operate on a single, shared IT infrastructure. All files, accounts, mailboxes, and production records are stored on the same systems. A 200 GB archive will be publicly released in the near future.",2026-05-30T00:22:45.444813+00:00,incransom,,www.labexpress.com,http://incblog6qu4y4mm4zvw5nrmue6qbwtgjsxpw6b7ixzssu36tsajldoad.onion/blog/disclosures/6a0fdc7bd152110a6a5e7814,2026-05-29T23:55:00+00:00,,https://images.ransomware.live/victims/b214fdb496b85894b2cd526dfac6fd0d.png,www.labexpress.com
Education,KR,,"Daegu University offers a range of educational services including online employment solutions, academic information systems, and various courses for students and faculty. The university focuses on providing resources for job preparation, including strategies for public and private sector employment, as well as civil service exam preparation. It aims to support students, prospective students, and faculty members in their academic and professional development. The institution is committed to fostering a collaborative and innovative learning environment - Nova Provide tree and samples from stolen data to the company when its get in touch with support department.",2026-05-29T23:53:06.909684+00:00,nova,"{'employees': 7, 'employees_url': 6, 'infostealer_stats': {}, 'last_employee_compromised': None, 'last_user_compromised': None, 'thirdparties': 95, 'update': '2026-05-31T08:35:33.662799', 'users': 437, 'users_url': 100}",Daegu University AI Department,http://novadmrkp4vbk2padk5t6pbxolndceuc7hrcq4mjaoyed6nxsqiuzyyd.onion/daegu-university-ai-department,2026-05-29T23:52:54.558882+00:00,,https://images.ransomware.live/victims/925a94b55549502941f4cf48be2ddf53.png,daegu.ac.kr
Manufacturing,US,,You have 24 hours to contact us.,2026-05-30T14:17:48.553683+00:00,termite,,Indiana Mills and Manufacturing,http://termiteuslbumdge2zmfmfcsrvmvsfe4gvyudc5j6cdnisnhtftvokid.onion/post/6a0c91a1d09f340c1e9e383d,2026-05-29T23:25:44.147000+00:00,,https://images.ransomware.live/victims/548853cc016f8d9495bf691397fde22e.png,www.imminet.com
Manufacturing,US,,"Henry Molded Products specializes in the manufacturing of custom molded pulp fiber products and packaging solutions. The company is recognized for its eco-friendly offerings, which are biodegradable, compostable, and recyclable, catering to a growing demand for sustainable packaging. Their products are designed for various clients, including government, industry, and environmentally conscious consumers. Henry Molded Products is committed to providing cost-effective solutions while leading in technology, design, and engineering in the molded fiber sector.",2026-05-29T21:51:27.939095+00:00,dragonforce,"{'employees': 0, 'employees_url': 0, 'infostealer_stats': {}, 'last_employee_compromised': None, 'last_user_compromised': None, 'thirdparties': 0, 'update': '2026-05-29T21:51:02', 'users': 0, 'users_url': 0}",Henry Molded Products Likely to Engage tag.,http://z3wqggtxft7id3ibr7srivv5gjof5fwg76slewnzwwakjuf3nlhukdid.onion/blog/?post_uuid=5aad2e55-7159-4395-a911-fdef0ed82f58,2026-05-29T20:58:43.745652+00:00,,https://images.ransomware.live/victims/67dfda037a8154b429632d0c4f95bb60.png,henry-molded.com
Hospitality and Tourism,US,,"Shoreline Sightseeing offers guided boat tours and water taxi services in Chicago, focusing on architecture and skyline views. Their popular tours include the Architecture River Tour, Skyline Lake Cruise, and Fireworks Tour, showcasing over 40 landmarks. The company caters to tourists looking for unique perspectives of the city and offers packages like the Chicago CityPASS for additional savings on attractions. Established in 1939, Shoreline operates the largest and most diverse fleet of cruise boats in Chicago",2026-05-29T21:52:06.071259+00:00,dragonforce,"{'employees': 0, 'employees_url': 0, 'infostealer_stats': {}, 'last_employee_compromised': None, 'last_user_compromised': None, 'thirdparties': 0, 'update': '2026-05-29T21:51:39', 'users': 21, 'users_url': 7}",Shoreline Sightseeing,http://z3wqggtxft7id3ibr7srivv5gjof5fwg76slewnzwwakjuf3nlhukdid.onion/blog/?post_uuid=a4fba6c4-17ac-4c49-9f6f-8efbd2415629,2026-05-29T20:57:50.534552+00:00,,https://images.ransomware.live/victims/1fa8f2a8a62371ee0b28ede8cf9a9d67.png,shorelinesightseeing.com
Healthcare,US,,They research and promote policy and innovations in healthcare.,2026-05-29T20:21:31.689010+00:00,bravox,"{'employees': 0, 'employees_url': 0, 'infostealer_stats': {}, 'last_employee_compromised': None, 'last_user_compromised': None, 'thirdparties': 1, 'update': '2026-05-29T20:21:18', 'users': 13, 'users_url': 9}",AcademyHealth,http://bravoxxwcfz5qk43ychgveprpd5mw5hvxfs4a2uz2okx7mumiht4fzyd.onion/blog/9397cf6a-4d40-4041-b614-0a34bfb14c10,2026-05-29T20:21:18.721543+00:00,,https://images.ransomware.live/victims/6630262ad81967d9284a74fce213ae42.png,academyhealth.org
Transportation/Logistics,KR,,"[AI generated] Apex Maritime Co., Inc. is a freight forwarding and logistics company headquartered in the Philippines. It provides international freight forwarding, customs brokerage, cargo consolidation, and supply chain management services. The company operates across air and ocean freight sectors, serving importers and exporters. It is part of the broader Apex Group, with a global network of offices supporting trade routes across Asia, Europe, and the Americas.",2026-05-30T03:55:32.482522+00:00,titan,"{'employees': 0, 'employees_url': 0, 'infostealer_stats': {}, 'last_employee_compromised': None, 'last_user_compromised': None, 'thirdparties': 0, 'update': '2026-05-30T03:55:08', 'users': 0, 'users_url': 0}","Apex Maritime Co., Inc.",https://titanblog.org/post/apex-maritime-co-inc-9qyivv46pa,2026-05-29T17:54:00+00:00,,https://images.ransomware.live/victims/f3eb959db9dac6c927a836fc6a141d60.png,k-apex.kln.com
Healthcare,US,,"Capital Family Physicians provides quality healthcare services for families, focusing on comprehensive care for all ages. They offer same-day appointments and a patient portal for convenient access to medical records and billing. The practice emphasizes pediatric services, ensuring that children's health is prioritized. With over 15 years of experience, they are dedicated to supporting patients through every stage of life.",2026-05-29T15:20:11.319564+00:00,cmdorganization,,Capital Family Physicians,,2026-05-29T15:20:09.070839+00:00,,,www.capitalfamilymd.com
Technology,,,Braincell is a Saudi technology startup that optimizes business decision-making through AI-powered automation and data integration,2026-05-29T13:50:35.539879+00:00,0day Syndicate,"{'employees': 0, 'employees_url': 0, 'infostealer_stats': {}, 'last_employee_compromised': None, 'last_user_compromised': None, 'thirdparties': 0, 'update': '2026-05-30T11:44:57.964330', 'users': 0, 'users_url': 0}",Braincell Braincell.sa rfcargo.braincell.solutions rf.braincell.solutions governata.com,http://odaygplp3zhyx7zl45egetl6dzc4reduisnoyym34rjdmaryfaz5doqd.onion/detail.php?id=0day-Braincell,2026-05-29T13:50:02.458830+00:00,,https://images.ransomware.live/victims/a893f9e71b1e82ed80f6e476cef4c3cc.png,braincell.sa
Agriculture and Food Production,LK,,[AI generated] N/A,2026-05-30T03:56:18.236445+00:00,titan,,SIRILAK SEAFOOD (PW) LTD.,https://titanblog.org/post/sirilak-seafood-pw-ltd-9qmib6gdus,2026-05-29T11:48:00+00:00,,https://images.ransomware.live/victims/3ac8be9af8e1be67efb822a7ed2e6e85.png,
Manufacturing,MY,,"Shanpoornam Metals is a metal trading and fabrication company supplying a range of raw and processed metal products to manufacturers and construction firms. They provide custom cutting, processing, and distribution services to meet industrial.",2026-05-29T11:23:32.735910+00:00,lamashtu,"{'employees': 0, 'employees_url': 0, 'infostealer_stats': {}, 'last_employee_compromised': None, 'last_user_compromised': None, 'thirdparties': 0, 'update': '2026-05-29T11:23:17', 'users': 0, 'users_url': 0}",Shanpoornam Metals,http://lamashtux5j74mcm7lwwgn5yrvuwtrpxjoyendif3v3hrztjesfoyayd.onion/post/9a02fac45e6d81764c1db751eb6ad0ea,2026-05-29T11:23:17.217566+00:00,,https://images.ransomware.live/victims/ed453bb5d5dcd7e054ab44a53b07a524.png,shanpoornammetals.com
Business Services,NL,,"Over 700k Salesforce records and various Sharepoint sites corporate data has been compromised. This is a final warning to reach out by 1 June 2026 before we leak along with several annoying (digital) problems that'll come your way. Make the right decision, don't be the next headline. Pay or Leak. | Updated: 29 May 2026 | Warning: FINAL WARNING PAY OR LEAK",2026-05-29T13:24:06.881892+00:00,shinyhunters,,BCD Travel,,2026-05-29T11:10:00+00:00,,,
Healthcare,US,,"Restorative Therapies was established in 2004 as a partnership between researchers, engineers, and patient advocates to develop and promote Advanced Rehabilitation Technologies (ART).",2026-05-29T09:20:06.587207+00:00,AiLock,"{'employees': 0, 'employees_url': 0, 'infostealer_stats': {}, 'last_employee_compromised': None, 'last_user_compromised': None, 'thirdparties': 0, 'update': '2026-05-29T09:20:04', 'users': 0, 'users_url': 0}","Restorative Therapies, Inc.",,2026-05-29T09:20:04.620146+00:00,,,restorative-therapies.com
Not Found,CO,,[AI generated] N/A,2026-05-29T01:52:24.132272+00:00,everest,"{'employees': 2, 'employees_url': 9, 'infostealer_stats': {}, 'last_employee_compromised': None, 'last_user_compromised': None, 'thirdparties': 89, 'update': '2026-05-29T11:31:54.743792', 'users': 195, 'users_url': 61}",Asopagos S.A.,http://ransomocmou6mnbquqz44ewosbkjk3o5qjsl3orawojexfook2j7esad.onion/news/Asopagos_S.A._/,2026-05-29T01:52:07.867317+00:00,,https://images.ransomware.live/victims/3828e1ecc9713aa3b40a42a42a6e31f2.png,asopagos.com
Business Services,,,[AI generated] N/A,2026-05-29T01:51:53.131406+00:00,everest,,ЕРМ,http://ransomocmou6mnbquqz44ewosbkjk3o5qjsl3orawojexfook2j7esad.onion/news/erm/,2026-05-29T01:51:34.146851+00:00,,https://images.ransomware.live/victims/68e70244defccc6efef40bfea8b1905e.png,
Education,US,,"UEI College is a private for-profit career college with locations in the US states of California, Washington, Arizona, Nevada, Texas, New Mexico, and Georgia. It specializes in short-term technical and vocational education to prepare students for entry-level positions in industries such as healthcare, business, and skilled trades.
",2026-05-30T14:17:19.952605+00:00,termite,,UEI College,http://termiteuslbumdge2zmfmfcsrvmvsfe4gvyudc5j6cdnisnhtftvokid.onion/post/6a14cce8c684b738d5259940,2026-05-29T00:36:08.420000+00:00,,https://images.ransomware.live/victims/20c67cc2aeb22b19e3edd38e02aa0276.png,www.uei.edu
Not Found,US,,A healthcare organization,2026-05-29T21:23:34.303371+00:00,genesis,"{'employees': 0, 'employees_url': 0, 'infostealer_stats': {'Atomic': 1, 'DarkCrystal': 1, 'Generic Stealer': 54, 'Lumma': 126, 'Raccoon': 1, 'RedLine': 25, 'StealC': 32, 'Vidar': 8}, 'last_employee_compromised': '1970-01-01T00:00:00+00:00', 'last_user_compromised': '2026-05-24T12:06:07+00:00', 'thirdparties': 188, 'update': '2026-05-29T11:29:38.916128', 'users': 394, 'users_url': 3}",*M**,http://genesis6ixpb5mcy4kudybtw5op2wqlrkocfogbnenz3c647ibqixiad.onion/56a7b33d42a266827a91/,2026-05-29T00:00:00+00:00,,https://images.ransomware.live/victims/fc566ae5bea43b3d2d2ba98197214108.png,.
Not Found,US,,A provider of financial services,2026-05-29T20:51:34.579581+00:00,genesis,"{'employees': 0, 'employees_url': 0, 'infostealer_stats': {'Atomic': 1, 'DarkCrystal': 1, 'Generic Stealer': 54, 'Lumma': 126, 'Raccoon': 1, 'RedLine': 25, 'StealC': 32, 'Vidar': 8}, 'last_employee_compromised': '1970-01-01T00:00:00+00:00', 'last_user_compromised': '2026-05-24T12:06:07+00:00', 'thirdparties': 188, 'update': '2026-05-29T11:29:38.916128', 'users': 394, 'users_url': 3}",******** & Co,http://genesis6ixpb5mcy4kudybtw5op2wqlrkocfogbnenz3c647ibqixiad.onion/940ee385cc48cd398032/,2026-05-29T00:00:00+00:00,,https://images.ransomware.live/victims/ad6fc0fb9720725845600d6f2dab1648.png,.
Public Sector,FR,,"Commune De Camiers is a company that operates in the Government industry. It employs 10to19 people and has 1Mto5M of revenue. The company is headquartered in Camiers, Hauts-de-France, France.",2026-05-29T19:51:56.671859+00:00,kairos,"{'employees': 0, 'employees_url': 0, 'infostealer_stats': {}, 'last_employee_compromised': None, 'last_user_compromised': None, 'thirdparties': 0, 'update': '2026-05-30T11:43:53.978440', 'users': 0, 'users_url': 0}",Commune De Camiers,,2026-05-29T00:00:00+00:00,,,camiers.fr
Business Services,,,"Schacht Law Office specializes in intellectual property legal services, focusing on the protect
ion of patents, trademarks, copyrights, and trade secrets. They assist clients in defining and 
safeguarding their ideas to ensure the prosperity of their intellectual property and brand.

We will upload 20gb of corporate data soon. Lots of clients data (credit cards, name, addresses
, phones and so on), contracts and agreements, NDAs, projects, etc.
",2026-05-29T14:20:18.831137+00:00,akira,"{'employees': 0, 'employees_url': 0, 'infostealer_stats': {}, 'last_employee_compromised': None, 'last_user_compromised': None, 'thirdparties': 0, 'update': '2026-05-30T11:44:11.628923', 'users': 0, 'users_url': 0}",Schacht Law Office,,2026-05-29T00:00:00+00:00,,,schachtlaw.com
Agriculture and Food Production,ID,,"Badan Pangan Nasional is an Indonesian government agency focused on ensuring food security and stability in the country. It provides services related to food supply, pricing, and consumption, while also addressing issues of food safety and nutrition. The agency aims to support national food sovereignty through various programs and initiatives, targeting local communities and stakeholders in the agricultural sector. Additionally, it engages in public information services to enhance transparency and accessibility regarding food-related regulations and data - Nova Provide tree and samples from stolen data to the company when its get in touch with support department.",2026-05-29T13:53:31.147623+00:00,nova,"{'employees': 0, 'employees_url': 0, 'infostealer_stats': {'Generic Stealer': 7, 'Lumma': 20, 'RedLine': 10, 'StealC': 4}, 'last_employee_compromised': '1970-01-01T00:00:00+00:00', 'last_user_compromised': '2026-05-09T05:42:14+00:00', 'thirdparties': 1, 'update': '2026-05-30T11:44:29.159585', 'users': 133, 'users_url': 39}",Badan Pangan Nasional,http://novadmrkp4vbk2padk5t6pbxolndceuc7hrcq4mjaoyed6nxsqiuzyyd.onion/badan-pangan-nasional,2026-05-29T00:00:00+00:00,,https://images.ransomware.live/victims/856cd542600d06719d193e08fb90a438.png,badanpangan.go.id
Construction,US,,"Interstate Roofing brings its customers the best in quality and service. Since 1988, Interstate
has established itself as one of the largest and most trusted exterior-improvement companies i
n the Northwest.

We will upload 16gb of corporate data soon. Employee personal docs (scanned passports and LDs, 
60  SSNs and so on), contracts and agreements, clients info, projects, etc.
",2026-05-29T12:50:20.162653+00:00,akira,,Interstate Roofing,,2026-05-29T00:00:00+00:00,,,
,FR,,[AI generated] N/A,2026-05-29T11:53:33.446356+00:00,gunra,"{'employees': 0, 'employees_url': 0, 'infostealer_stats': {}, 'last_employee_compromised': None, 'last_user_compromised': None, 'thirdparties': 0, 'update': '2026-05-30T11:48:16.203210', 'users': 0, 'users_url': 0}",SOMAFIX,,2026-05-29T00:00:00+00:00,,,somafix.fr
Business Services,US,,"STATUS: PENDING PUBLICATION | TIME REMAINING: 72 HOURS
ENTITY: Powerhouse (powerhousenow.com)
THE REALITY OF POWERHOUSE

We have been in possession of your internal data for some time. We have attempted to engage with your management to resolve this incident professionally, but their silence speaks…",2026-05-28T21:51:47.841457+00:00,chaos,"{'employees': 0, 'employees_url': 0, 'infostealer_stats': {'Generic Stealer': 3, 'Lumma': 3, 'RedLine': 10}, 'last_employee_compromised': None, 'last_user_compromised': None, 'thirdparties': 0, 'update': '2026-02-04T10:55:30', 'users': 17, 'users_url': 6}",powerhousenow.com,http://hptqq2o2qjva7lcaaq67w36jihzivkaitkexorauw7b2yul2z6zozpqd.onion/post/MLBMZM6WZBtKLnTqzF6hdr58qnApbHdv,2026-05-28T21:51:33.872286+00:00,,https://images.ransomware.live/victims/66e81fa8967970eeca41b1ca092fe679.png,powerhousenow.com
Business Services,US,,"STATUS: PENDING PUBLICATION | TIME REMAINING: 72 HOURS
ENTITY: Entrans International (entransinternational.com)
THE REALITY OF ENTRANS INTERNATIONAL

We have been in possession of your internal data for some time. Throughout this period, we have attempted to engage with your management, but their si…",2026-05-28T21:21:02.817352+00:00,chaos,"{'employees': 0, 'employees_url': 0, 'infostealer_stats': {}, 'last_employee_compromised': None, 'last_user_compromised': None, 'thirdparties': 1, 'update': '2026-05-29T11:29:48.442822', 'users': 0, 'users_url': 0}",entransinternational.com,http://hptqq2o2qjva7lcaaq67w36jihzivkaitkexorauw7b2yul2z6zozpqd.onion/post/BjU9tRUwQcqpBEnhp1jtQKObLxLbhW8m,2026-05-28T21:20:49.328667+00:00,,https://images.ransomware.live/victims/df23e4a5bf8b0289f7dd32ccf220f933.png,entransinternational.com
Business Services,US,,"[AI generated] Fox Rothschild LLP is a national law firm headquartered in the United States. Founded in 1907, it operates across numerous offices throughout the country, providing legal services in areas including corporate law, litigation, employment law, real estate, and finance. The firm serves a broad range of clients, from individuals and startups to large corporations, operating within the legal services industry in the United States.",2026-05-28T18:20:23.741927+00:00,SilentRansomGroup,"{'employees': 1, 'employees_url': 3, 'infostealer_stats': {}, 'last_employee_compromised': None, 'last_user_compromised': None, 'thirdparties': 8, 'update': '2026-05-28T18:56:14.505573', 'users': 6, 'users_url': 3}",Fox Rothschild LLP,,2026-05-28T18:20:13.770499+00:00,,,foxrothschild.com
Manufacturing,US,,"[AI generated] American Battery Factory is a US-based company focused on manufacturing lithium iron phosphate (LFP) battery cells for grid-scale energy storage applications. Operating in the clean energy and advanced manufacturing sector, the company aims to build large-scale gigafactories across the United States to support domestic battery production, reduce reliance on foreign supply chains, and accelerate the transition to renewable energy infrastructure.",2026-05-28T17:24:48.245808+00:00,worldleaks,"{'employees': 0, 'employees_url': 0, 'infostealer_stats': {}, 'last_employee_compromised': None, 'last_user_compromised': None, 'thirdparties': 0, 'update': '2026-05-28T17:24:24', 'users': 0, 'users_url': 0}",American Battery Factory,https://worldleaksartrjm3c6vasllvgacbi5u3mgzkluehrzhk2jz4taufuid.onion/companies/5210766050,2026-05-28T17:11:54+00:00,,https://images.ransomware.live/victims/904d14666680915e642f1a3a312ec30e.png,americanbatteryfactory.com
Business Services,CL,,"dnb.com/business-directory/company-profiles.corporacion_prokompra_2020_ca.cafb282c8025c52485cccb47942fa6b9.html Corporacion Prokompra 2020, C.A. is a Venezuelan retail company based in Caracas, operating in the department store and general merchandise sector. The company is led by key principal Tsvi Kornbluth Seinfeld and focuses on home products, cosmetics, sporting goods, and novelty items. Registered in the Mercantile Registry of Caracas, it serves local consumers through traditional retail channels. The business combines regional market knowledge with diversified product offerings to meet everyday consumer needs in Venezuela",2026-05-28T18:53:58.833991+00:00,thegentlemen,,Corporacion Prokompra,,2026-05-28T16:32:27+00:00,,,
Not Found,RU,,[AI generated] N/A,2026-05-28T16:20:17.341156+00:00,AuditTeam,,Paid Victim B35411691DDC2265,http://6tdqqaxftvradka5d2frzgwixis7fmro7rfh4ettzcx7jfapkebe6jad.onion/entity/B35411691DDC2265,2026-05-28T16:20:04.672728+00:00,,https://images.ransomware.live/victims/00def4d410281fc3a0090e111426558f.png,
Agriculture and Food Production,US,,"heartlandgrowers.com zoominfo.com/c/heartland-growers/48466328 Heartland Growers is a family-owned wholesale greenhouse in Westfield, Indiana, operated by the Gapinski family since 1984. They supply spring annuals, holiday plants, and hydroponic produce to garden centers, florists, and retailers across the Midwest. Their 30-acre modern facility features advanced automation and a skilled workforce of up to 175 employees. Committed to innovation and quality, they combine decades of expertise with sustainable growing practices",2026-05-28T18:54:12.148838+00:00,thegentlemen,"{'employees': 0, 'employees_url': 0, 'infostealer_stats': {}, 'last_employee_compromised': None, 'last_user_compromised': None, 'thirdparties': 0, 'update': '2026-05-28T18:54:10', 'users': 0, 'users_url': 0}",Heartland Growers,,2026-05-28T16:04:06+00:00,,,heartlandgrowers.com
Manufacturing,IT,,"fonderiacorra.com zoominfo.com/c/fonderia-corrà/371359796 Fonderia Corra is an Italian foundry founded in 1946, specializing in high-precision cast iron components for industrial sectors like railway, energy, and machinery. With over 70 years of expertise, they offer in-house services from design optimization to final finishing, ensuring quality, waste reduction, and ISO 9001 certification. The company operates two plants in Thiene and Montebelluna, producing lamellar and spheroidal graphite cast iron using advanced automation and skilled professionals. Family-led since its founding, Fonderia Corra combines tradition, innovation, and passion to shape metal into core elements for demanding global industries",2026-05-28T18:54:25.391202+00:00,thegentlemen,"{'employees': 0, 'employees_url': 0, 'infostealer_stats': {}, 'last_employee_compromised': None, 'last_user_compromised': None, 'thirdparties': 0, 'update': '2026-05-28T18:54:23', 'users': 1, 'users_url': 1}",Fonderia Corra,,2026-05-28T16:02:02+00:00,,,fonderiacorra.com
Consumer Services,MX,,"grupopremier.com.mx zoominfo.com/c/grupo-premier/439704898 Grupo Premier is a leading Mexican company with 50+ years in importing, processing, and distributing nuts and dried fruits. They offer wholesale, retail, and industrial solutions with ISO 22000 certification and advanced quality control systems. The company operates nationwide distribution routes and serves as exclusive distributor for brands like Ocean Spray in Mexico. Headquartered in Mexico, they combine tradition, technology, and trust to deliver premium agricultural products across the country",2026-05-28T18:54:29.470449+00:00,thegentlemen,"{'employees': 1, 'employees_url': 1, 'infostealer_stats': {}, 'last_employee_compromised': None, 'last_user_compromised': None, 'thirdparties': 2, 'update': '2026-05-28T18:54:26', 'users': 0, 'users_url': 2}",Grupo Premier,,2026-05-28T15:59:05+00:00,,,grupopremier.com.mx
Transportation/Logistics,DE,,[AI generated] N/A,2026-05-28T15:26:25.280096+00:00,everest,"{'employees': 0, 'employees_url': 0, 'infostealer_stats': {}, 'last_employee_compromised': None, 'last_user_compromised': None, 'thirdparties': 0, 'update': '2026-05-28T18:55:24.392266', 'users': 0, 'users_url': 0}",Spedition Kern,http://ransomocmou6mnbquqz44ewosbkjk3o5qjsl3orawojexfook2j7esad.onion/news/Spedition_Kern/,2026-05-28T15:26:06.227865+00:00,,https://images.ransomware.live/victims/f04544d8f357c669a65f38db38569579.png,kern-spedition.de
Healthcare,US,,"[AI generated] Advanced Psychiatry Associates is a psychiatric medical practice based in the United States. The company provides comprehensive mental health services, including evaluation, diagnosis, and treatment of psychiatric conditions such as depression, anxiety, ADHD, and bipolar disorder. It operates within the healthcare and behavioral health industry, offering both medication management and therapy services to adult and adolescent patients across its clinic locations.",2026-05-28T15:25:52.694520+00:00,everest,"{'employees': 2, 'employees_url': 1, 'infostealer_stats': {}, 'last_employee_compromised': None, 'last_user_compromised': None, 'thirdparties': 3, 'update': '2026-05-28T18:55:06.988884', 'users': 0, 'users_url': 1}",Advanced Psychiatry Associates,http://ransomocmou6mnbquqz44ewosbkjk3o5qjsl3orawojexfook2j7esad.onion/news/Advanced_Psychiatry_Associates/,2026-05-28T15:25:33.752927+00:00,,https://images.ransomware.live/victims/3bc5cb629128d5436afee84f7f35a1ae.png,advancedpsychiatryassociates.com
Healthcare,KW,,"[AI generated] Sidra Kuwait Hospital is a private healthcare facility located in Kuwait. It provides a range of medical and clinical services to patients, including diagnostics, outpatient consultations, and specialized treatments. Operating within the private healthcare sector in Kuwait, the hospital serves both local residents and expatriates, contributing to the country's growing private medical infrastructure alongside public health institutions.",2026-05-28T15:25:22.970858+00:00,everest,"{'employees': 0, 'employees_url': 0, 'infostealer_stats': {}, 'last_employee_compromised': None, 'last_user_compromised': None, 'thirdparties': 0, 'update': '2026-05-28T18:54:42.493273', 'users': 0, 'users_url': 0}",Sidra Kuwait Hospital,http://ransomocmou6mnbquqz44ewosbkjk3o5qjsl3orawojexfook2j7esad.onion/news/Sidra_Kuwait_Hospital/,2026-05-28T15:25:04.824769+00:00,,https://images.ransomware.live/victims/33a5d8c9c1cbc216af5db79228334f0a.png,sidrakwhospital.com
Financial Services,DE,,[AI generated] N/A,2026-05-28T15:24:52.648237+00:00,everest,"{'employees': 0, 'employees_url': 0, 'infostealer_stats': {}, 'last_employee_compromised': None, 'last_user_compromised': None, 'thirdparties': 0, 'update': '2026-05-28T18:56:35.433885', 'users': 0, 'users_url': 0}",VVO Finance,http://ransomocmou6mnbquqz44ewosbkjk3o5qjsl3orawojexfook2j7esad.onion/news/VVO_Finance/,2026-05-28T15:24:35.896824+00:00,,https://images.ransomware.live/victims/794bebb64040afa2e16f0853e2c861ae.png,vvo.de
Manufacturing,US,,N/A,2026-05-28T13:40:51.631372+00:00,qilin,,Sinomax USA,http://ijzn3sicrcy7guixkzjkib4ukbiilwc3xhnmby4mcbccnsd7j2rekvqd.onion/site/blog?uuid=3a5f68da-4f3d-4567-8fbf-97b9dfe89caa,2026-05-28T13:40:35.123673+00:00,,https://images.ransomware.live/victims/163c6f13480327d7bb777a8c5e33f42e.png,www.sinomax-usa.com
Healthcare,US,,N/A,2026-05-28T13:40:23.476010+00:00,qilin,"{'employees': 0, 'employees_url': 0, 'infostealer_stats': {}, 'last_employee_compromised': None, 'last_user_compromised': None, 'thirdparties': 0, 'update': '2026-05-28T13:40:05', 'users': 0, 'users_url': 0}",Mindpath College Health,http://ijzn3sicrcy7guixkzjkib4ukbiilwc3xhnmby4mcbccnsd7j2rekvqd.onion/site/blog?uuid=65a527e8-f8e7-4b62-9cef-f83ee7e4ae4a,2026-05-28T13:40:05.763574+00:00,,https://images.ransomware.live/victims/91202a6e31fd3f889f57d7dfc6000f1a.png,college.mindpath.com
Manufacturing,US,,N/A,2026-05-28T13:39:03.350504+00:00,qilin,,Carton Craft Supply,http://ijzn3sicrcy7guixkzjkib4ukbiilwc3xhnmby4mcbccnsd7j2rekvqd.onion/site/blog?uuid=7e580087-eeff-40e6-a572-42b9c34c9dff,2026-05-28T13:38:46.604897+00:00,,https://images.ransomware.live/victims/374f9697fade42258fc5d7c223dee739.png,www.cartoncraftsupply.com
Business Services,US,,N/A,2026-05-28T13:38:34.144984+00:00,qilin,,Gallun Snow Associates,http://ijzn3sicrcy7guixkzjkib4ukbiilwc3xhnmby4mcbccnsd7j2rekvqd.onion/site/blog?uuid=14d457b1-0e52-40bf-b987-ac289e2b2180,2026-05-28T13:38:15.728588+00:00,,https://images.ransomware.live/victims/743011e196456c9db4b182bd7e69c190.png,www.gallunsnow.com
Business Services,AU,,N/A,2026-05-28T13:38:02.670986+00:00,qilin,,"Kennedy, McLaughlin & Associates",http://ijzn3sicrcy7guixkzjkib4ukbiilwc3xhnmby4mcbccnsd7j2rekvqd.onion/site/blog?uuid=e1bee1d5-f038-45f1-8c46-1da39c682223,2026-05-28T13:37:44.753144+00:00,,https://images.ransomware.live/victims/5417e777c85dfeafd2674f7d2e9dd5a2.png,www.kennedymclaughlin.com.au
Education,US,,N/A,2026-05-28T13:34:58.927155+00:00,qilin,,Alamo Heights School District,http://ijzn3sicrcy7guixkzjkib4ukbiilwc3xhnmby4mcbccnsd7j2rekvqd.onion/site/blog?uuid=2c58d92c-4bb2-4101-9644-30386683c86f,2026-05-28T13:34:41.020652+00:00,,https://images.ransomware.live/victims/e21dd2ba46d0dab3663af6c487763ef0.png,www.ahisd.net
Technology,US,,N/A,2026-05-28T13:33:58.727768+00:00,qilin,,HumanEdge,http://ijzn3sicrcy7guixkzjkib4ukbiilwc3xhnmby4mcbccnsd7j2rekvqd.onion/site/blog?uuid=5d8ff0bc-58d2-43e8-be7e-20e97609ca42,2026-05-28T13:33:39.823615+00:00,,https://images.ransomware.live/victims/98fde46aed4c710d3bf79bbcd1f047a0.png,www.humanedge.com
Healthcare,US,,N/A,2026-05-28T13:32:48.072784+00:00,qilin,,Providence Medical Group,http://ijzn3sicrcy7guixkzjkib4ukbiilwc3xhnmby4mcbccnsd7j2rekvqd.onion/site/blog?uuid=6105bf1b-6bbb-4894-b9fa-fb754442dbbb,2026-05-28T13:32:29.134215+00:00,,https://images.ransomware.live/victims/74cd5864b25c2117fff7cbd6afa202ae.png,www.provmedgroup.com
Not Found,DK,,N/A,2026-05-28T13:31:15.170789+00:00,qilin,"{'employees': 0, 'employees_url': 0, 'infostealer_stats': {}, 'last_employee_compromised': None, 'last_user_compromised': None, 'thirdparties': 0, 'update': '2026-05-28T13:30:57', 'users': 0, 'users_url': 0}",Jens Jensen,http://ijzn3sicrcy7guixkzjkib4ukbiilwc3xhnmby4mcbccnsd7j2rekvqd.onion/site/blog?uuid=64ff6ba5-8399-4e42-a0eb-ba3b77340b6d,2026-05-28T13:30:57.226542+00:00,,https://images.ransomware.live/victims/dfa230dc4c1cad45080b6d7ee8a319f7.png,jensjensen.dk
Healthcare,US,,N/A,2026-05-28T13:29:57.708059+00:00,qilin,,Dillon Family Medicine,http://ijzn3sicrcy7guixkzjkib4ukbiilwc3xhnmby4mcbccnsd7j2rekvqd.onion/site/blog?uuid=23559922-26fd-496f-94cf-6261dc9d58e6,2026-05-28T13:29:39.971672+00:00,,https://images.ransomware.live/victims/b246899ef255074e3171352c2fa9d60b.png,www.dillonfamilymedicine.com
Manufacturing,LA,,N/A,2026-05-28T13:29:28.266232+00:00,qilin,,LA Woodworks,http://ijzn3sicrcy7guixkzjkib4ukbiilwc3xhnmby4mcbccnsd7j2rekvqd.onion/site/blog?uuid=96e2f88b-cd48-4cb7-b6a3-1457ab554fb9,2026-05-28T13:29:11.671449+00:00,,https://images.ransomware.live/victims/1e978d3323ab88a6961ce166edf8cc43.png,www.lawoodworksinc.com
Agriculture and Food Production,SA,,N/A,2026-05-28T13:28:02.328216+00:00,qilin,"{'employees': 0, 'employees_url': 0, 'infostealer_stats': {}, 'last_employee_compromised': None, 'last_user_compromised': None, 'thirdparties': 0, 'update': '2026-05-28T13:27:45', 'users': 0, 'users_url': 0}",Osool Poultry,http://ijzn3sicrcy7guixkzjkib4ukbiilwc3xhnmby4mcbccnsd7j2rekvqd.onion/site/blog?uuid=b5974ad0-ec65-440d-ace4-77ddeb5cf891,2026-05-28T13:27:45.399866+00:00,,https://images.ransomware.live/victims/b5bc47f19759314f1c32f00af85a8ca7.png,osoolpoultry.com
Not Found,US,,N/A,2026-05-28T13:27:04.997807+00:00,qilin,,Martinez & Shanken,http://ijzn3sicrcy7guixkzjkib4ukbiilwc3xhnmby4mcbccnsd7j2rekvqd.onion/site/blog?uuid=6da18069-9099-4633-872f-0fd641e1cd93,2026-05-28T13:26:47.916307+00:00,,https://images.ransomware.live/victims/f24c32533e3034947c0931c5b7dc9076.png,www.aztaxcpa.com
Transportation/Logistics,US,,[AI generated] N/A,2026-05-28T13:21:28.555368+00:00,everest,"{'employees': 1, 'employees_url': 1, 'infostealer_stats': {}, 'last_employee_compromised': None, 'last_user_compromised': None, 'thirdparties': 1, 'update': '2026-05-28T15:00:17.669700', 'users': 49, 'users_url': 4}",TransferZ,http://ransomocmou6mnbquqz44ewosbkjk3o5qjsl3orawojexfook2j7esad.onion/news/TransferZ/,2026-05-28T13:21:09.106609+00:00,,https://images.ransomware.live/victims/71d9b69ba79e172aed16d6345b99f5b8.png,transferz.com
Healthcare,US,,"Hospice Savannah provides comprehensive hospice and palliative care services to individuals facing serious illnesses, including specialized programs for pediatric patients and advanced cardiac care. Their services extend to in-home care, nursing home assistance, and inpatient hospice units, ensuring a dignified and comfortable end-of-life experience.",2026-05-28T11:50:10.398175+00:00,cmdorganization,,Hospice Savannah,,2026-05-28T11:50:09.107154+00:00,,,www.hospicesavannah.org
Technology,US,,XGenize is an AI development company that builds custom automation tools and AI assistants for businesses,2026-05-28T09:05:24.825256+00:00,0day Syndicate,"{'employees': 0, 'employees_url': 0, 'infostealer_stats': {}, 'last_employee_compromised': None, 'last_user_compromised': None, 'thirdparties': 0, 'update': '2026-05-28T09:05:11', 'users': 0, 'users_url': 0}",xgenize.com,http://odaygplp3zhyx7zl45egetl6dzc4reduisnoyym34rjdmaryfaz5doqd.onion/detail.php?id=0day-xgenize,2026-05-28T09:05:11.530214+00:00,,https://images.ransomware.live/victims/5302a6bda6d94dbbeb8547635aa8a027.png,xgenize.com
Technology,,,"GoKids is a brand that creates educational mobile apps, games, and content for toddlers (ages 2-5)",2026-05-28T09:05:00.016659+00:00,0day Syndicate,"{'employees': 0, 'employees_url': 0, 'infostealer_stats': {}, 'last_employee_compromised': None, 'last_user_compromised': None, 'thirdparties': 0, 'update': '2026-05-28T15:02:50.882051', 'users': 0, 'users_url': 0}",gokids gokidspublishing.com dev.redpilotstudio.com gokidsmobile.com,http://odaygplp3zhyx7zl45egetl6dzc4reduisnoyym34rjdmaryfaz5doqd.onion/detail.php?id=0day-gokids,2026-05-28T09:04:46.734895+00:00,,https://images.ransomware.live/victims/5fffca2e95a03e9d6279564a9e42f9cf.png,gokids.kids
Business Services,BR,,DXON is a Brazilian company that provides data intelligence and fraud prevention solutions.,2026-05-28T09:04:35.858766+00:00,0day Syndicate,"{'employees': 0, 'employees_url': 0, 'infostealer_stats': {}, 'last_employee_compromised': None, 'last_user_compromised': None, 'thirdparties': 0, 'update': '2026-05-28T09:04:22', 'users': 0, 'users_url': 0}",dxon.com.br,http://odaygplp3zhyx7zl45egetl6dzc4reduisnoyym34rjdmaryfaz5doqd.onion/detail.php?id=0day-dxon,2026-05-28T09:04:22.199687+00:00,,https://images.ransomware.live/victims/94e23f2bdf3c52009f4b0aa02d9fc17a.png,dxon.com.br
Business Services,GH,,"XL Africa Group provides outsourcing services like HR, logistics, security, and cash management to other companies across Africa.",2026-05-28T09:04:10.540409+00:00,0day Syndicate,"{'employees': 0, 'employees_url': 0, 'infostealer_stats': {}, 'last_employee_compromised': None, 'last_user_compromised': None, 'thirdparties': 0, 'update': '2026-05-28T18:57:51.949763', 'users': 20, 'users_url': 3}",xl africa group,http://odaygplp3zhyx7zl45egetl6dzc4reduisnoyym34rjdmaryfaz5doqd.onion/detail.php?id=0day-xlafricagroup,2026-05-28T09:03:51.344156+00:00,,https://images.ransomware.live/victims/8606e72d06329c491dd044666db40040.png,xlafricagroup.com
Healthcare,US,,"You wouldn't want us to describe what data and how much data was compromised. It is in your best interests to reply to us or we are leaking it all by the deadline. This is a final warning to reach out by 29 May 2026 before we leak along with several annoying (digital) problems that'll come your way. Make the right decision, don't be the next headline. Pay or Leak. | Updated: 28 May 2026 | Warning: FINAL WARNING PAY OR LEAK",2026-05-28T07:23:39.480444+00:00,shinyhunters,"{'employees': 0, 'employees_url': 1, 'infostealer_stats': {}, 'last_employee_compromised': None, 'last_user_compromised': None, 'thirdparties': 1, 'update': '2026-05-30T11:41:34.093050', 'users': 749, 'users_url': 56}","DentaQuest, LLC",,2026-05-28T07:23:38.029052+00:00,,,dentaquest.com
Business Services,ES,,"Lawants provides its clients with lawyers, Tax Advisors and Accountants accustomed to working in the international arena.  Our goal is to become the client’s referents in the areas of expertise to address and solve all phases of a project, or issue, with an interdisciplinary and problem-solving-oriented approach.  Likewise, we believe that the client must necessarily be an integral part of the Lawants team. We like to work, dialogue, confront each other and make our clients participants in every process that affects them to help them grow in their Business in Spain, the United States and South America. Laek: 100GB  WE HAS COLLECTED SUCH DATA AS:  - Confidential documents  - Clients Data  - NDA  - Financial data  - Operations  - Corporate data  - Business Agreements  - Development  - Financial databases, all transactions, all clients And a lot of other VERY IMPORTANT information!",2026-05-28T06:22:18.552007+00:00,incransom,"{'employees': 0, 'employees_url': 0, 'infostealer_stats': {}, 'last_employee_compromised': None, 'last_user_compromised': None, 'thirdparties': 0, 'update': '2026-05-28T18:58:37.806037', 'users': 0, 'users_url': 0}",lawants,http://incblog6qu4y4mm4zvw5nrmue6qbwtgjsxpw6b7ixzssu36tsajldoad.onion/blog/disclosures/6a144ad3d152110a6acdd762,2026-05-28T06:00:00+00:00,,,lawants.com
Healthcare,US,,"We are announcing the successful breach of the secure network of Belimed AG, a leading provider of sterilization equipment. Our team has gained full access to the digital assets of their finance department and has exfiltrated the entire dataset.  Data Volume: 1.5 Terabytes.  In our possession is the complete financial picture of Belimed AG. This isn't just tables or reports; it is the entire nervous system of their business, including:  *   **SAP (SUP) Databases:** Full dumps containing all operational and financial information. *   **Accounting Records:** All transactions, entries, and financial operations spanning many years. *   **Client Contracts and Payments:** Detailed information on deals, pricing, and accounts receivable. *   **Employee Data:** Salaries, bonuses, and personal financial information. *   **Internal Audits and Strategic Planning:** Documents revealing their weaknesses, future plans, and trade secrets. *   **Tax Documentation and Banking Details:** All information necessary for a complete understanding of their financial flows.  The management of Belimed AG was given the opportunity to resolve this matter privately and without consequence. They chose silence, believing they could ignore us. This was a fatal mistake. By refusing to engage, they have jeopardized not only their own reputation but also the security of their clients, partners, and employees.  **This is not a threat. It is an announcement of a coming event.**  Exactly one month from the date of this post, the entire 1.5 TB data archive will be published for public access on this resource. Anyone—competitors, journalists, regulators—will be able to download and scrutinize the inner workings of Belimed AG.  To the management of Belimed AG: you have made your choice. Now you will serve as an example to all others. Enjoy the consequences. The clock is ticking.",2026-05-29T00:53:17.204833+00:00,incransom,"{'employees': 4, 'employees_url': 5, 'infostealer_stats': {}, 'last_employee_compromised': None, 'last_user_compromised': None, 'thirdparties': 7, 'update': '2026-05-29T00:53:01', 'users': 7, 'users_url': 11}",belimed.com,http://incblog6qu4y4mm4zvw5nrmue6qbwtgjsxpw6b7ixzssu36tsajldoad.onion/blog/disclosures/6a18dda1d152110a6a470e18,2026-05-28T01:00:00+00:00,,https://images.ransomware.live/victims/eea56e96b3971c813f72f608ebbd4311.png,belimed.com
Telecommunication,DE,,"Full Infrastructure, Source Code, GitHub Tree & Internal Network Maps",2026-05-29T22:52:45.767712+00:00,lapsus$,"{'employees': 2396, 'employees_url': 100, 'infostealer_stats': {'Acreed': 148, 'Atomic': 46, 'Aura Stealer': 4, 'Azorult': 712, 'CRYPTBOT': 78, 'DarkCrystal': 24, 'Ficker': 29, 'Generic Stealer': 7181, 'Lumma': 7616, 'Mystic': 46, 'Predator': 7, 'Raccoon': 2970, 'RedLine': 12240, 'StealC': 1523, 'Taurus': 25, 'UNKNOWN': 343, 'Vidar': 1411}, 'last_employee_compromised': '2026-05-26T23:39:00+00:00', 'last_user_compromised': '2026-05-26T23:50:00+00:00', 'thirdparties': 4576, 'update': '2026-05-30T11:42:47.500555', 'users': 35457, 'users_url': 100}",VODAFONE,,2026-05-28T00:00:00+00:00,,,vodafone.com
Not Found,US,,A legal firm dedicated to safeguard the rights of its clients,2026-05-28T20:22:34.171470+00:00,genesis,"{'employees': 0, 'employees_url': 0, 'infostealer_stats': {}, 'last_employee_compromised': None, 'last_user_compromised': None, 'thirdparties': 0, 'update': '2026-05-29T11:30:50.648923', 'users': 0, 'users_url': 0}",Peña & Bromberg,http://genesis6ixpb5mcy4kudybtw5op2wqlrkocfogbnenz3c647ibqixiad.onion/069e114bcc3edd29df4c/,2026-05-28T00:00:00+00:00,,https://images.ransomware.live/victims/b1ca4a1af1d2fae0799d1778f5af7fea.png,jonathanpena.com
Not Found,JP,,[AI generated] N/A,2026-05-28T15:24:24.643705+00:00,everest,,AKM,http://ransomocmou6mnbquqz44ewosbkjk3o5qjsl3orawojexfook2j7esad.onion/news/AKM/,2026-05-28T00:00:00+00:00,,https://images.ransomware.live/victims/d2e537bbc8f21d67fcf57ad8281a9896.png,
Healthcare,US,,[AI generated] N/A,2026-05-28T12:51:44.779485+00:00,everest,"{'employees': 0, 'employees_url': 0, 'infostealer_stats': {}, 'last_employee_compromised': None, 'last_user_compromised': None, 'thirdparties': 0, 'update': '2026-05-28T15:00:44.937138', 'users': 0, 'users_url': 0}",L&P Aesthetics,http://ransomocmou6mnbquqz44ewosbkjk3o5qjsl3orawojexfook2j7esad.onion/news/L_P_Aesthetics/,2026-05-28T00:00:00+00:00,,https://images.ransomware.live/victims/fb16e08778ffad2905651419661e27e1.png,fortheface.com
Manufacturing,JP,,"GS Yuasa Lithium Power specializes in advanced batteries and battery systems, primarily serving
clients in the Aerospace, Industrial, Military, and Specialty markets across North America. Wi
th decades of research and development, their lithium-ion cells are known for proven performanc
e and reliability, particularly in demanding applications such as satellites and undersea techn
ologies.

We will upload corporate data soon. Lots of project data (BOEING satellite and other interestin
g directories), contracts and agreements, lots of drawings and specifications, clients info, ND
A, etc.
",2026-05-28T12:50:27.417655+00:00,akira,"{'employees': 0, 'employees_url': 0, 'infostealer_stats': {}, 'last_employee_compromised': None, 'last_user_compromised': None, 'thirdparties': 0, 'update': '2026-05-28T15:01:38.352720', 'users': 0, 'users_url': 0}",GS Yuasa Lithium Power,,2026-05-28T00:00:00+00:00,,,gsyuasa-lp.com
Not Found,RU,,,2026-05-28T00:50:16.607999+00:00,AuditTeam,,On***de,http://6tdqqaxftvradka5d2frzgwixis7fmro7rfh4ettzcx7jfapkebe6jad.onion/entity/B35411691DDC2265,2026-05-28T00:00:00+00:00,,https://images.ransomware.live/victims/00def4d410281fc3a0090e111426558f.png,
Consumer Services,HU,,N/A,2026-05-27T22:29:09.918874+00:00,qilin,,Otthon Centrum,http://ijzn3sicrcy7guixkzjkib4ukbiilwc3xhnmby4mcbccnsd7j2rekvqd.onion/site/blog?uuid=f9273b15-aa73-467c-9abd-a2fc87d51f05,2026-05-27T22:28:54.829041+00:00,,https://images.ransomware.live/victims/e60896c55815c2d19c1b79f00cef91a9.png,www.oc.hu
Manufacturing,MX,,"MotoFrenos is a Colombian metalworking company with a global reach that designs, manufactures, and installs equipment an...",2026-05-27T20:53:58.739868+00:00,krybit,"{'employees': 0, 'employees_url': 0, 'infostealer_stats': {}, 'last_employee_compromised': None, 'last_user_compromised': None, 'thirdparties': 0, 'update': '2026-05-27T20:53:43', 'users': 0, 'users_url': 0}",motofrenos.com,http://krybitqsdzwmhnitvwuhvsntfgf2wrhxveyxroxpc44c6gkft2cqldyd.onion/blog/0efa3457c1f79c49a71d5eb75be4b1f4a3a71a897a36fca52f74dde407005433/,2026-05-27T20:53:43.615515+00:00,,https://images.ransomware.live/victims/07a3094e2681fabeb990857a7bb28e10.png,motofrenos.com
Consumer Services,TH,,"Smile Siam Printing Service founded since 1995 by a group of experienced staff in printing business, we are the distinct...",2026-05-27T20:53:31.549894+00:00,krybit,"{'employees': 1, 'employees_url': 1, 'infostealer_stats': {}, 'last_employee_compromised': None, 'last_user_compromised': None, 'thirdparties': 3, 'update': '2026-05-27T20:53:18', 'users': 1, 'users_url': 6}",smile-siam.com,http://krybitqsdzwmhnitvwuhvsntfgf2wrhxveyxroxpc44c6gkft2cqldyd.onion/blog/3d79c34298c0c2d0e8e68a6fc7eeb5ca18135d5f5f1310a8ed008edac0f6de0a/,2026-05-27T20:53:18.372665+00:00,,https://images.ransomware.live/victims/8fad507bab6be91de46c0c0105079fa1.png,smile-siam.com
Manufacturing,US,,"STERLING INDUSTRIES: FINAL NOTICE BEFORE FULL RELEASE

STATUS: PENDING FINAL PUBLICATION 
ENTITY: Sterling Industries (sterlingindustries.com)
LEAK SIZE: ~503 GB
ATTENTION MANAGEMENT

We are currently in the final stages of preparing your data for public release. We have provided you with ample time…",2026-05-27T20:51:58.392771+00:00,chaos,,sterlingindustries.com,http://hptqq2o2qjva7lcaaq67w36jihzivkaitkexorauw7b2yul2z6zozpqd.onion/post/RH4Yp7oXuDRfcp8cWWd4iN8kZauNGf56,2026-05-27T20:51:45.388613+00:00,,https://images.ransomware.live/victims/3b3b2efa4d4ad95e521299839416c6f4.png,www.zoominfo.com/c/sterling-industries/58132211
Transportation/Logistics,US,,"President Container Inc., founded in 1947 by Marvin and George Grossbard, not only grew into one of the largest independent manufacturers of corrugated products in the country, but was also the seed of what has become todays President Container Group. From the beginning, President Containers philosophy was simple: Always ensure complete customer satisfaction by providing exceptional service and quality products. At President Container we realized that to ensure satisfaction we must continue to expand our products and services to meet the demands of the marketplace as our customers continue to evolve.",2026-05-27T18:53:09.303619+00:00,dragonforce,"{'employees': 0, 'employees_url': 0, 'infostealer_stats': {}, 'last_employee_compromised': None, 'last_user_compromised': None, 'thirdparties': 1, 'update': '2026-05-27T18:52:41', 'users': 0, 'users_url': 0}",President Container Group,http://z3wqggtxft7id3ibr7srivv5gjof5fwg76slewnzwwakjuf3nlhukdid.onion/blog/?post_uuid=4d26baa3-099b-41f5-984d-38dc3a5b7778,2026-05-27T18:45:01.840717+00:00,,https://images.ransomware.live/victims/02afe69c0fc78379ee26f23cc4ef7f83.png,presidentcontainer.com
Business Services,US,,N/A,2026-05-27T16:56:42.339719+00:00,qilin,,Mainstreet Organization of REALTORS,http://ijzn3sicrcy7guixkzjkib4ukbiilwc3xhnmby4mcbccnsd7j2rekvqd.onion/site/blog?uuid=02d6b208-5db6-43ce-bbe7-a72aabbc82b1,2026-05-27T16:56:24.521719+00:00,,https://images.ransomware.live/victims/31e06a6cda2a3db8ab18fa727a5ca719.png,www.mainstreethomesearch.com
Consumer Services,US,,N/A,2026-05-27T16:56:12.969578+00:00,qilin,,Shocco Springs,http://ijzn3sicrcy7guixkzjkib4ukbiilwc3xhnmby4mcbccnsd7j2rekvqd.onion/site/blog?uuid=1c8ccc14-5830-4052-83e2-ec12c0e5e95c,2026-05-27T16:55:58.647497+00:00,,https://images.ransomware.live/victims/2f98cd72f67d6341c8cde0d5895b5120.png,www.shocco.org
Construction,US,,N/A,2026-05-27T16:55:47.076565+00:00,qilin,,Roofing Solutions,http://ijzn3sicrcy7guixkzjkib4ukbiilwc3xhnmby4mcbccnsd7j2rekvqd.onion/site/blog?uuid=46bf5426-a7a9-4c28-a0e2-d5655a360333,2026-05-27T16:55:31.147046+00:00,,https://images.ransomware.live/victims/4e09ff709836e178233560b89b529d11.png,www.roofingsolutionsla.com
Construction,GB,,N/A,2026-05-27T16:55:19.258230+00:00,qilin,,William Davis Homes,http://ijzn3sicrcy7guixkzjkib4ukbiilwc3xhnmby4mcbccnsd7j2rekvqd.onion/site/blog?uuid=4732c352-14af-432f-8a3b-328e5e0d69bc,2026-05-27T16:54:57.240759+00:00,,https://images.ransomware.live/victims/67e2f5a49f334f86ad574a15601b2a87.png,www.williamdavis.co.uk
Consumer Services,CA,,"K. Smart Associates Limited is a consulting engineering and planning company established in 1975, specialising in civil engineering and land use planning.",2026-05-27T16:23:44.370482+00:00,dragonforce,"{'employees': 0, 'employees_url': 0, 'infostealer_stats': {}, 'last_employee_compromised': None, 'last_user_compromised': None, 'thirdparties': 0, 'update': '2026-05-27T16:23:13', 'users': 0, 'users_url': 0}",ksmart.ca,http://z3wqggtxft7id3ibr7srivv5gjof5fwg76slewnzwwakjuf3nlhukdid.onion/blog/?post_uuid=4c86a8ef-9010-42a4-b6c1-861e99b45d4d,2026-05-27T15:51:22.525387+00:00,,https://images.ransomware.live/victims/78ed0b332c3c9e240bab636d33a5542a.png,ksmart.ca
Not Found,GB,,"The firm's core business is focused on UK tax services, which are provided to clients seeking an advisor with not only in-depth knowledge to navigate the country's complex tax system,
but also impeccable integrity to ensure optimal tax results.

At the core of the company is an experienced team of professionals providing expert knowledge and advice on UK tax matters to private and corporate clients – both local, national, and international.

In the current climate of tightening anti-tax evasion measures, WSM specialists firmly believe in the ethical right of taxpayers to manage their financial affairs – strictly within the law – in a way that minimizes their tax liabilities.
In addition to tax services, the firm offers accounting, auditing, insolvency (bankruptcy) support,
due diligence, and consulting. Additionally, through its European partner network, Europe Fides,
the company assists clients seeking complex, often multi-jurisdictional, advice in developing their overall strategic plans.",2026-05-27T15:51:48.999912+00:00,dragonforce,"{'employees': 0, 'employees_url': 0, 'infostealer_stats': {}, 'last_employee_compromised': None, 'last_user_compromised': None, 'thirdparties': 0, 'update': '2026-05-27T15:51:21', 'users': 0, 'users_url': 0}",wsm.co.uk,http://z3wqggtxft7id3ibr7srivv5gjof5fwg76slewnzwwakjuf3nlhukdid.onion/blog/?post_uuid=84613ccf-a791-4a25-be34-1f3a15354424,2026-05-27T15:47:41.380307+00:00,,https://images.ransomware.live/victims/a9bc1e76c6369a1bc97f67c630149b95.png,wsm.co.uk
Technology,CA,,"North Bridge Venture Partners invests in outstanding individuals
whose innovative ideas have the potential to transform entire industries.

The firm provides funding from seed to growth stages,
helping these ideas grow into successful companies.

Their goal is to transform startups into market leaders. They work with clients
seeking investment and support for their entrepreneurial projects.",2026-05-27T15:52:27.456136+00:00,dragonforce,"{'employees': 0, 'employees_url': 0, 'infostealer_stats': {}, 'last_employee_compromised': None, 'last_user_compromised': None, 'thirdparties': 4, 'update': '2026-05-27T15:52:00', 'users': 0, 'users_url': 0}",northbridge.com,http://z3wqggtxft7id3ibr7srivv5gjof5fwg76slewnzwwakjuf3nlhukdid.onion/blog/?post_uuid=79dd69fe-4d2c-42d5-8a0a-892f422ef976,2026-05-27T15:43:38.261145+00:00,,https://images.ransomware.live/victims/d959feb42079c5712116239f05e30554.png,northbridge.com
Agriculture and Food Production,NL,,Landscape design supplies store.The company operates very economically and claims to be located on Dunas Groen. You can contact us only through the contact form or by phone: 06-52452889.,2026-05-27T15:53:07.911039+00:00,dragonforce,"{'employees': 0, 'employees_url': 0, 'infostealer_stats': {}, 'last_employee_compromised': None, 'last_user_compromised': None, 'thirdparties': 0, 'update': '2026-05-27T15:52:39', 'users': 0, 'users_url': 0}",dunasgroen.nl,http://z3wqggtxft7id3ibr7srivv5gjof5fwg76slewnzwwakjuf3nlhukdid.onion/blog/?post_uuid=922f4f8a-1212-4bf8-ac30-f16a2be3eb13,2026-05-27T15:34:38.944258+00:00,,https://images.ransomware.live/victims/3a5092e626ec6950d912f52a534f82e4.png,dunasgroen.nl
Consumer Services,GB,,Refreshment Systems is a UK-based vending machine company.,2026-05-27T15:53:46.653027+00:00,dragonforce,"{'employees': 0, 'employees_url': 0, 'infostealer_stats': {}, 'last_employee_compromised': None, 'last_user_compromised': None, 'thirdparties': 1, 'update': '2026-05-27T15:53:19', 'users': 0, 'users_url': 0}",refreshmentsystems.co.uk,http://z3wqggtxft7id3ibr7srivv5gjof5fwg76slewnzwwakjuf3nlhukdid.onion/blog/?post_uuid=69a8a26b-2d20-468d-92b0-60863b7d1c88,2026-05-27T15:27:39.137955+00:00,,https://images.ransomware.live/victims/e5bd56637965af1ea99317bd3fd15535.png,refreshmentsystems.co.uk
Not Found,MX,,"+1 (915) 881-8883. Jichasa Smart Logistics specializes in providing comprehensive solutions in foreign trade and logistics, with a focus on door-to-door services. Established in 1980, the company boasts over 30 years of experience and offers a wide range of services including customs consulting, inventory management, and supply chain management. Their intended clients span various industries such as automotive, aerospace, electronics, and agriculture, ensuring personalized attention through dedicated account executives. With a strong presence across Mexico and advanced technology for real-time operations, Jichasa aims to exceed client expectations in logistics and legal consulting. Stolen: 116gb 98k files",2026-05-27T15:25:52.429773+00:00,m3rx,"{'employees': 0, 'employees_url': 0, 'infostealer_stats': {}, 'last_employee_compromised': None, 'last_user_compromised': None, 'thirdparties': 0, 'update': '2026-05-27T15:25:33', 'users': 0, 'users_url': 0}",jichasa.com,http://4k6plf4h2cm2nco6ae3inrsxnmqgl6lllmwefydhnlcq4tuhwbj4qpad.onion#jichasa.com,2026-05-27T15:25:33.272971+00:00,,https://images.ransomware.live/victims/7610c73f19fd57263f05d092c53a2c8c.png,jichasa.com
Business Services,GB,,"Practicus specializes in interim management, executive search, and project management services.",2026-05-27T15:54:30.374638+00:00,dragonforce,"{'employees': 0, 'employees_url': 0, 'infostealer_stats': {}, 'last_employee_compromised': None, 'last_user_compromised': None, 'thirdparties': 0, 'update': '2026-05-27T15:53:58', 'users': 5, 'users_url': 3}",practicus.co.uk,http://z3wqggtxft7id3ibr7srivv5gjof5fwg76slewnzwwakjuf3nlhukdid.onion/blog/?post_uuid=ea1cad83-1de6-4f5b-a926-95feb1982b98,2026-05-27T15:24:08.783769+00:00,,,practicus.co.uk
Technology,NE,,"NEMD Architects, Inc. specializes in innovative, functional, and sustainable architectural solutions that address the unique challenges of each project.",2026-05-27T15:22:27.179101+00:00,dragonforce,"{'employees': 1, 'employees_url': 1, 'infostealer_stats': {}, 'last_employee_compromised': None, 'last_user_compromised': None, 'thirdparties': 0, 'update': '2026-05-27T15:22:00', 'users': 1, 'users_url': 1}",nemd.com,http://z3wqggtxft7id3ibr7srivv5gjof5fwg76slewnzwwakjuf3nlhukdid.onion/blog/?post_uuid=56330a5d-27db-4722-bca6-83bd9f1d486c,2026-05-27T15:16:05.853881+00:00,,https://images.ransomware.live/victims/4231ba0b5e21462d367cb82c4d1e43df.png,nemd.com
Agriculture and Food Production,IT,,"Pieralisi is a leading company specializing in the production of equipment for the extraction and separation of liquids using centrifugal force, including decanter centrifuges, separators and olive oil extractors.",2026-05-27T15:23:09.963007+00:00,dragonforce,"{'employees': 1, 'employees_url': 1, 'infostealer_stats': {}, 'last_employee_compromised': None, 'last_user_compromised': None, 'thirdparties': 5, 'update': '2026-05-27T15:22:38', 'users': 0, 'users_url': 0}",pieralisi.com,http://z3wqggtxft7id3ibr7srivv5gjof5fwg76slewnzwwakjuf3nlhukdid.onion/blog/?post_uuid=43da4c92-6bbb-400e-9a2d-a5ea3982d41b,2026-05-27T15:03:06.387121+00:00,,https://images.ransomware.live/victims/d861e3d9a66ef10b0a8ddc3d763a609f.png,pieralisi.com
